{"a": 0.1616918008093614, "b": 0.030115111250396228, "c": 0.046637449100803294, "d": 0.0866890994678806, "e": 0.2542192979527601, "f": 0.04683165850161524, "g": 0.03986524883034606, "h": 0.1373874456007263, "i": 0.136828510227225, "j": 0.0026429171185355822, "k": 0.01436225186697697, "l": 0.07791288075004317, "m": 0.05340462361966835, "n": 0.13840946808522095, "o": 0.15145865260317778, "p": 0.03296776375234101, "q": 0.0017425896190229005, "r": 0.11443878688408068, "s": 0.12487063176928354, "t": 0.18512634201029346, "u": 0.0540520481194176, "v": 0.019972965046256657, "w": 0.04690919866903739, "x": 0.0027567144938727113, "y": 0.0374406826693777, "z": 0.0012619123774569195}